R_0,ACS_0,K_0,D_0,A_0,K-D_0,KAST_0,ADR_0,HS%_0,FK_0,FD_0,FK-FD_0,Game differential,resultado
-0.03166365007541465,1.4847662141779778,0.668476621417797,1.307390648567118,-2.3909502262443434,-0.638914027149321,-0.00957616892911004,0.8924585218702873,-0.028277526395173436,0.17496229260935153,-0.12835595776772238,0.3033182503770739,27,1
0.032925451559934295,4.032183908045977,-3.2148440065681454,-3.185090311986864,-0.3068637110016418,-0.029753694581280764,0.01696551724137929,2.6765845648604283,-0.019461412151067364,-0.6638423645320195,-0.24912972085385868,-0.4147126436781609,-18,0
0.06214782608695644,3.2261956521739137,3.900978260869567,1.7078260869565234,3.4254347826086957,2.1931521739130435,0.015172826086956604,2.377826086956523,-0.01118260869565219,0.5582608695652175,0.3920652173913042,0.16619565217391302,-34,1
-0.03428397411496,-4.293490673772363,-10.81096307575181,-9.811648267986296,-4.189950513894177,-0.9993148077655125,-0.011458698134754464,-1.918766653977923,0.001484583174724019,-1.5435097068899886,-1.4556528359345262,-0.08785687095546249,-34,0
0.07470471464019846,9.773076923076923,7.325186104218362,4.955831265508685,2.4888337468982633,2.3693548387096772,0.011313895781637728,7.834863523573207,0.002579404466501245,1.0174937965260547,0.6761786600496278,0.3413151364764268,21,1
0.09557437070938227,11.000686498855828,5.661556064073228,3.2496567505720835,2.037070938215103,2.411899313501144,0.02356979405034334,3.99130434782609,-0.016949656750572084,1.0244851258581233,0.29542334096109846,0.7290617848970251,27,1
0.041049159663865555,5.664243697478992,-1.4041176470588232,-2.1081932773109253,-0.8779831932773108,0.7040756302521007,0.006075210084033689,2.630462184873946,0.003323949579831953,-0.3087815126050422,-0.27365546218487397,-0.03512605042016812,29,1
0.09186750000000006,7.575999999999999,2.168499999999999,-1.2847500000000012,2.0124999999999997,3.4532499999999997,0.03955249999999995,2.5970000000000026,-0.01856,0.2569999999999997,-0.0060000000000000496,0.263,-7,0
-0.046565610859728476,-0.6226244343891381,-5.0524886877828035,-3.382352941176471,-4.254298642533936,-1.6701357466063347,-0.021687782805429802,-1.7429864253393645,0.002076923076923065,-1.0158371040723981,-0.43303167420814476,-0.5828054298642534,21,0
0.14666666666666656,17.058333333333337,7.474999999999999,2.6083333333333343,2.4083333333333337,4.866666666666667,0.06166666666666669,11.633333333333331,0.030749999999999993,1.341666666666667,0.2083333333333332,1.1333333333333333,0,0
0.10899521531100469,15.158532695374793,-2.185645933014353,-6.4236044657097295,-0.9090909090909094,4.237958532695375,0.02868899521531094,7.037639553429028,0.03331419457735247,-0.6462519936204145,-0.5629984051036683,-0.0832535885167464,-14,1
0.06787142857142865,5.077142857142855,-1.1685714285714297,-4.3500000000000005,1.694285714285714,3.181428571428571,0.04848571428571431,2.248571428571421,0.005071428571428549,0.19714285714285698,-0.8985714285714284,1.0957142857142856,-6,1
-0.0814619047619047,-8.816031746031745,-2.295555555555557,-0.04492063492063494,-0.5549206349206347,-2.2506349206349205,-0.02789523809523813,-6.4147619047619004,0.018084126984126973,-0.24936507936507946,-0.007936507936508175,-0.2414285714285715,-34,1
0.12874909090909098,16.814545454545453,10.097090909090909,5.703454545454547,2.403636363636364,4.393636363636364,0.05163636363636357,8.998181818181823,0.027996363636363635,1.4832727272727273,0.8445454545454549,0.6387272727272727,19,0
-0.11657540106951873,-4.602352941176468,-7.425454545454545,-3.801711229946526,-6.293903743315508,-3.623743315508021,-0.06174117647058823,-3.7281283422459923,0.043300534759358286,-1.2044919786096258,-0.24898395721925137,-0.9555080213903743,38,0
-0.06731829573934842,-5.560902255639093,3.427819548872179,4.526566416040102,-0.1223057644110277,-1.0987468671679197,-0.01818796992481204,-0.3974937343358363,-0.010581453634085225,0.37543859649122807,0.7005012531328321,-0.32506265664160405,4,0
0.042916239316239356,9.586324786324786,4.756923076923078,3.049914529914531,1.168547008547008,1.707008547008547,0.023176068376068316,4.043076923076922,0.002618803418803406,0.40923076923076945,0.4704273504273505,-0.06119658119658113,32,1
0.0467996744879968,6.605479452054794,1.4112844161128464,0.05471314254713207,1.8636375966363765,1.356571273565713,0.027110809711108196,4.642533568425338,0.010717753967177534,0.3191102671911025,-0.14550386545503874,0.4646141326461414,-28,0
-0.015504105090311904,0.2523809523809632,-4.1320197044335,-4.527914614121512,-1.8448275862068957,0.3958949096880133,0.004599343185550086,0.6689655172413751,-0.014688013136289013,-0.7098522167487686,-0.5847290640394089,-0.12512315270935956,-13,1
-0.0034999999999999476,-2.583333333333326,1.6722222222222214,2.0777777777777784,2.333333333333334,-0.4055555555555556,0.013222222222222269,-1.5666666666666658,-0.016111111111111097,0.5722222222222222,0.10555555555555562,0.4666666666666667,-18,0
-0.05034403173458342,-3.454453660295718,-0.8450414713306891,0.9617381896862597,1.3609808871258564,-1.806779661016949,-0.01416624594302196,-1.3643346556076381,0.013991345113595394,-0.09823296069239085,0.08896501983411458,-0.1871979805265056,-71,0
-0.03792727272727268,0.5818181818181813,0.15272727272727238,1.1709090909090911,-0.4036363636363632,-1.0181818181818179,-0.022472727272727245,0.38909090909091615,0.00010909090909093644,-0.23636363636363641,0.24727272727272753,-0.4836363636363636,44,1
0.015169230769230758,-0.06205128205127721,-0.9282051282051285,-2.5533333333333337,-0.5148717948717948,1.6251282051282054,0.011907692307692308,-0.18615384615384584,0.011000000000000015,-0.18717948717948724,-0.1758974358974359,-0.011282051282051286,48,1
0.02640940465918895,3.8079810181190736,-2.340336496980157,-3.1977998274374464,-0.6597497842968076,0.8574633304572906,0.013287316652286375,4.141889559965483,0.024343399482312306,-0.3182916307161345,-0.545297670405522,0.22700603968938743,-15,1
-0.005371303395399885,-2.6628696604600295,0.5331872946330776,1.6173055859802858,2.965826944140198,-1.0841182913472072,0.013905805038335117,0.28981380065717416,0.01898357064622125,0.01204819277108422,0.28083242059145663,-0.26878422782037237,-72,1
-0.06442521008403357,-7.719327731092443,2.707226890756302,4.940336134453782,1.8161344537815118,-2.2331092436974793,-0.02318655462184869,-1.7418487394957993,-0.018321008403361327,0.24857142857142875,0.8873949579831931,-0.6388235294117648,-1,1
-0.07558615136875997,-13.39436392914654,3.134460547504026,5.143800322061191,0.2776167471819647,-2.0093397745571657,-0.030771336553945306,-5.597262479871167,-0.010028985507246374,0.5489533011272141,0.71658615136876,-0.1676328502415459,-19,1
-0.08818461538461538,-9.275384615384615,-14.452820512820514,-12.626153846153844,-7.245641025641026,-1.8266666666666667,-0.07916923076923077,-6.665641025641023,0.04670769230769233,-2.548717948717948,-1.3405128205128205,-1.2082051282051283,29,0
0.12305230769230775,17.095384615384624,0.4984615384615374,-3.2178461538461525,0.4541538461538462,3.716307692307692,0.0524307692307693,10.051076923076929,0.02767384615384615,-0.03753846153846156,-0.32307692307692315,0.2855384615384615,40,1
0.1372692307692308,13.223504273504272,8.862820512820514,3.5023504273504273,1.3792735042735047,5.3604700854700855,0.04451068376068381,7.340384615384613,0.03314957264957265,1.3534188034188035,0.6707264957264957,0.6826923076923077,46,0
-0.006670967741935452,3.0877419354838707,1.1670967741935478,0.7548387096774178,-0.27999999999999936,0.41225806451612906,-0.0021935483870967553,3.4012903225806412,0.00020000000000000573,0.12967741935483854,0.11032258064516132,0.019354838709677448,21,1
0.03547747747747769,7.6058558558558556,1.7256756756756757,0.2950450450450447,0.763063063063063,1.4306306306306307,0.018500000000000027,4.943693693693698,0.011977477477477478,0.23603603603603576,-0.1288288288288288,0.36486486486486475,62,1
0.0014476190476191198,4.547619047619042,1.1857142857142862,-1.6590476190476182,-2.013333333333333,2.8447619047619046,-0.008038095238095243,2.261904761904762,-0.0010285714285714121,0.34380952380952384,-0.23714285714285727,0.5809523809523809,16,1
-0.05501591187270498,-4.617380660954711,-3.3481028151774765,-0.6788249694002431,-1.380905752753978,-2.669277845777234,-0.02978947368421041,-3.2790697674418565,0.01967931456548347,-0.9091799265605875,0.08665850673194617,-0.9958384332925336,24,0
0.15649673202614373,18.650980392156857,-1.7320261437908506,-7.644444444444446,0.1437908496732021,5.912418300653595,0.06069281045751627,12.715032679738565,0.04623529411764707,-0.07581699346405246,-1.142483660130719,1.0666666666666667,-8,1
0.07118268398268397,8.137748917748905,-2.065800865800867,-4.078701298701298,-1.413506493506493,2.012900432900433,0.01634025974025972,2.9674458874458907,0.0003991341991342101,-0.7122943722943721,-0.15558441558441558,-0.5567099567099567,47,1
0.004435574229691897,-1.4657563025210094,-0.5726190476190496,-0.921358543417368,-0.8808823529411761,0.34873949579831953,0.0061946778711484685,-1.589845938375356,-0.0023102240896358426,0.03200280112044842,-0.21302521008403347,0.2450280112044818,46,1
0.02045789473684201,1.2010526315789378,0.525789473684209,-0.05894736842105317,1.8657894736842107,0.5847368421052632,0.016584210526315712,-2.3673684210526234,-0.0020052631578947656,0.18736842105263163,-0.15105263157894733,0.33842105263157896,-1,1
0.06090937746256904,8.556422379826632,1.9089834515366442,-0.4698975571315998,-0.34743892828999173,2.378881008668243,0.018827423167848734,5.069345941686365,0.015098502758077254,0.29306540583136337,-0.22285263987391649,0.5159180457052797,40,0
-0.011224683544303837,-0.10253164556962133,-0.9861814345991562,-0.1186708860759488,1.2696202531645566,-0.8675105485232066,-0.0008512658227848968,1.323945147679325,-0.005329113924050633,-0.23132911392405067,-0.01033755274261603,-0.22099156118143468,-55,1
0.1930018018018018,15.392072072072073,2.616936936936939,-3.712432432432432,6.093693693693693,6.329369369369369,0.09016576576576577,10.10126126126126,-0.019971171171171153,0.7185585585585587,-0.7232432432432432,1.4418018018018017,-22,1
-0.010671428571428665,5.8442857142857125,-4.102857142857143,-4.25,-3.05,0.14714285714285702,-0.01651428571428566,3.247142857142859,0.01811428571428571,-1.2514285714285716,-0.10285714285714284,-1.1485714285714286,6,1
-0.01744086021505371,0.30752688172042897,-2.7532258064516144,-2.701612903225807,-3.7064516129032254,-0.05161290322580649,-0.014720430107526928,1.090860215053766,-0.002612903225806468,-0.4252688172043008,-0.3510752688172042,-0.07419354838709676,50,0
-0.03445747800586503,-4.109970674486806,-5.283577712609971,-4.313343108504401,-2.1071847507331385,-0.9702346041055717,-0.02090175953079183,-0.4186217008797712,0.049454545454545466,-0.6678885630498537,-0.6743401759530795,0.006451612903225818,-13,0
0.07826785714285715,8.897023809523812,2.4053571428571416,-1.0470238095238102,-0.8267857142857146,3.4523809523809526,0.03461904761904751,6.929166666666663,0.015339285714285722,0.4261904761904762,-0.3946428571428573,0.8208333333333334,5,1
-0.023181818181818102,-3.5508158508158543,1.654312354312355,2.4172494172494163,1.9620046620046623,-0.762937062937063,-0.02967832167832172,-0.0524475524475605,-0.007554778554778546,0.3622377622377623,0.0965034965034964,0.2657342657342658,-53,0
-0.007733333333333259,-1.4438095238095285,-1.6152380952380958,-1.0200000000000002,-1.216190476190477,-0.5952380952380949,-0.009590476190476215,-0.8352380952380969,-0.004123809523809557,-0.13238095238095235,-0.23333333333333323,0.10095238095238086,-5,1
-0.06297777777777776,-5.84444444444444,-3.9177777777777765,-1.3577777777777755,-3.711111111111112,-2.5599999999999996,-0.03344444444444446,-5.457777777777778,0.03182222222222221,-0.6711111111111111,-0.12222222222222232,-0.5488888888888889,35,1
0.17392337164750965,21.609961685823755,-8.967049808429119,-14.047509578544062,-3.9356321839080457,5.080459770114944,0.06941762452107283,14.124137931034483,-0.03593869731800765,-1.7831417624521073,-1.504214559386973,-0.27892720306513413,20,1
-0.059528571428571375,-6.0315966386554525,4.245378151260505,6.210588235294116,5.167058823529412,-1.965210084033614,0.0017378151260504238,-3.1333613445378177,0.007768067226890751,0.54890756302521,0.9122689075630248,-0.3633613445378151,-99,1
-0.0008205128205127199,0.551282051282044,5.256410256410254,4.5717948717948715,1.4897435897435893,0.6846153846153846,0.005076923076923157,-1.0897435897435912,-0.001230769230769224,0.9025641025641024,0.5487179487179488,0.3538461538461539,-39,1
-0.045909722222222116,-1.9812500000000057,0.5715277777777793,2.3666666666666663,1.223611111111111,-1.7951388888888888,-0.021673611111111192,1.5104166666666656,0.020062500000000018,0.07638888888888876,0.32361111111111107,-0.24722222222222223,14,0
0.1276968325791854,11.40633484162895,1.6990950226244343,-2.57737556561086,4.18235294117647,4.276470588235294,0.04495927601809955,5.112217194570138,-0.06953846153846152,0.3266968325791855,-0.27285067873303176,0.5995475113122172,-21,1
0.20673913043478248,22.24811594202898,4.657971014492757,-3.006086956521738,2.1936231884057973,7.664057971014493,0.0794,12.152173913043473,0.026121739130434772,1.121449275362319,-0.8547826086956523,1.976231884057971,-7,1
-0.06472972972972971,-1.0492492492492431,-2.314114114114112,0.04804804804804945,-3.8630630630630636,-2.362162162162162,-0.04737237237237224,1.107807807807808,0.05143543543543545,-0.40150150150150177,0.19159159159159156,-0.5930930930930931,19,0
0.0656493506493507,11.387662337662334,5.18051948051948,3.1876623376623385,2.4045454545454543,1.9928571428571427,0.044350649350649404,4.201948051948048,-0.022694805194805174,1.1902597402597404,0.027272727272727428,1.162987012987013,-17,0
0.1619107142857143,14.285714285714283,-2.342857142857144,-7.578571428571429,0.7964285714285715,5.235714285714286,0.05228571428571434,8.221428571428566,-0.03428571428571426,-0.18035714285714305,-1.0232142857142859,0.8428571428571429,-2,1
0.07927499999999996,9.227045454545452,1.681590909090911,-2.8138636363636365,-0.1297727272727272,4.495454545454545,0.035879545454545456,4.045909090909092,0.02893181818181818,0.47659090909090923,-0.49727272727272726,0.9738636363636364,25,0
0.017179831932773237,0.7865546218487453,-3.5257142857142854,-4.121344537815125,-3.437310924369748,0.5956302521008404,-0.004121008403361315,1.9327731092436977,0.03812773109243694,-0.44571428571428573,-0.5963025210084036,0.1505882352941177,18,0
0.0018227504244482163,-2.0615959252971097,-1.8450254668930384,-2.3777928692699475,0.17548387096774185,0.53276740237691,0.00213378607809851,-0.3267911714770747,-0.020634295415959257,-0.4257385398981325,-0.21507640067911718,-0.21066213921901528,64,0
0.1091619047619048,8.639999999999992,0.9885714285714272,-2.9104761904761913,1.7180952380952381,3.899047619047619,0.04310476190476185,3.7142857142857166,0.011619047619047617,0.5466666666666666,-0.6399999999999999,1.1866666666666668,-20,1
0.020685446009389707,-0.6283031522468037,1.1723675385647225,0.778403755868544,3.898859825620389,0.39396378269617693,0.008490945674044226,0.3534540576794029,-0.005934272300469484,0.14701542588866534,0.28866532528504363,-0.14164989939637823,-50,0
-0.0466731601731603,-5.688311688311688,-0.2465367965367946,1.415800865800867,-0.18896103896103825,-1.6623376623376618,-0.01367965367965367,-2.735064935064938,-0.00483982683982685,-0.1255411255411257,0.3690476190476192,-0.4945887445887446,-7,1
-0.005307300509337765,-1.6118845500848977,-1.2285229202037329,-1.2516129032258092,-0.161629881154499,0.023089983022071436,0.0008353140916807833,0.1504244482173192,0.0008726655348047618,-0.23123938879456735,-0.12597623089983037,-0.10526315789473673,-12,0
0.07827777777777782,8.408571428571435,-3.0965079365079347,-5.996190476190476,-1.867301587301587,2.89968253968254,0.026673015873015914,7.509206349206352,0.019653968253968257,-0.6563492063492063,-0.5387301587301585,-0.11761904761904769,39,1
-0.02312655086848627,-3.4719602977667536,-1.2913151364764281,-1.897766749379651,-2.3558312655086855,0.6064516129032261,-0.03515632754342435,0.19950372208435851,0.026079404466501272,-0.22630272952853617,-0.14044665012406946,-0.08585607940446645,18,0
-0.1265022831050229,-12.281988838153229,-8.555149670218162,-3.605986808726532,-1.2448503297818374,-4.9491628614916285,-0.04007813292744802,-6.8126839167935005,-0.03135667174023336,-1.328462709284627,-0.6591577879249113,-0.6693049213597159,-46,0
0.04358431372549019,7.17254901960784,3.865098039215686,1.2980392156862748,0.7968627450980392,2.567058823529412,0.025952941176470578,2.7662745098039268,-0.013552941176470568,0.5505882352941175,0.32392156862745125,0.22666666666666663,2,0
0.05903837953091688,8.467164179104481,-0.47356076759061805,-2.2985074626865676,-1.4417910447761202,1.8249466950959488,0.0444712153518124,3.5078891257995735,0.01121961620469084,-0.14776119402985097,-0.16417910447761191,0.016417910447761218,53,1
-0.07641964285714295,-5.839285714285717,-4.833928571428571,-2.661607142857142,-3.749107142857143,-2.1723214285714287,-0.030035714285714298,-5.787499999999997,-0.0019017857142857087,-1.0294642857142857,-0.009821428571428559,-1.019642857142857,24,1
0.1426,15.236666666666668,8.9725,5.739166666666667,5.722500000000001,3.233333333333333,0.07285833333333336,10.447500000000002,-0.023975000000000014,1.4166666666666667,0.6525000000000002,0.7641666666666667,8,1
-0.05254736842105281,-5.377684210526314,-0.8714385964912281,0.8505263157894731,-0.9879298245614034,-1.7219649122807017,-0.033650526315789506,-3.265263157894742,-0.00705403508771929,-0.37192982456140344,0.3706666666666666,-0.7425964912280701,-18,1
0.14103157894736842,16.635789473684213,-2.776842105263158,-8.205263157894738,-0.4705263157894734,5.428421052631579,0.054526315789473576,11.607368421052632,0.05107368421052631,-0.09999999999999991,-1.3178947368421052,1.2178947368421054,-9,1
0.04190452876376989,8.890575275397794,4.404161566707465,1.1696450428396574,-1.0198286413708686,3.2345165238678093,0.014051407588739285,4.937331701346386,-0.0015152998776009952,0.16597307221542223,0.47955936352509154,-0.31358629130966953,24,1
-0.008555555555555561,-0.22777777777778282,3.4500000000000006,3.7333333333333334,3.35,-0.2833333333333334,0.0086666666666666,-1.22777777777778,-0.036944444444444446,0.538888888888889,0.4388888888888888,0.10000000000000005,-18,0
-0.05586363636363634,-6.0554545454545465,1.9790909090909081,5.957272727272728,2.5727272727272723,-3.978181818181818,-0.033063636363636364,-2.8336363636363644,0.020409090909090877,-0.4381818181818182,1.476363636363636,-1.9145454545454546,-9,1
-0.0039614994934144224,-1.6425531914893554,8.23323201621074,8.324012158054714,3.2004052684903757,-0.09078014184397158,0.0018156028368794264,2.011752786220865,-0.010297872340425512,1.1997973657548124,1.2380952380952381,-0.03829787234042561,-26,0
0.009796786072982977,-0.7870438567124097,-0.6882156009373972,-1.256913290927352,-0.9415801807833943,0.5686976899899567,0.007855038500167399,-1.1988617341814602,-0.005048543689320367,0.004820890525610899,-0.25152326749246745,0.25634415801807836,45,0
0.15163243243243235,14.215135135135137,1.7632432432432439,-3.2025225225225205,4.194234234234235,4.965765765765765,0.05908468468468466,6.590630630630637,-0.07057657657657657,0.3055855855855856,-0.3614414414414416,0.667027027027027,-22,1
-0.06919999999999996,-10.779636363636365,-2.0581818181818172,0.9447272727272719,-0.36945454545454554,-3.0029090909090908,-0.02990545454545457,-6.61527272727273,-0.04127272727272731,-0.28727272727272746,0.14836363636363642,-0.43563636363636354,30,0
0.003178571428571453,-0.028571428571433445,-6.773809523809524,-6.639285714285714,-3.295238095238095,-0.13452380952380966,-0.004488095238095302,2.127380952380949,0.02454761904761903,-0.8452380952380955,-0.7488095238095239,-0.09642857142857127,3,0
0.005202380952380903,6.475000000000006,-3.8250000000000006,-4.348809523809524,-2.632142857142857,0.5238095238095237,-0.013940476190476092,3.5136904761904817,0.023136904761904754,-1.3208333333333333,0.0005952380952378711,-1.3214285714285716,5,1
-0.0856181818181817,-9.945454545454533,11.333333333333334,14.558181818181819,6.845454545454546,-3.224848484848485,-0.026618181818181763,-8.554545454545458,-0.015745454545454573,1.5393939393939395,2.1206060606060606,-0.5812121212121211,-23,1
-0.07218181818181821,-6.572727272727275,-0.1636363636363633,2.945454545454544,-0.3000000000000007,-3.1090909090909093,-0.022181818181818126,-3.0636363636363626,0.025272727272727263,-0.045454545454545324,0.636363636363636,-0.6818181818181819,-11,1
0.09873333333333326,9.921666666666663,-2.7216666666666667,-5.988333333333335,-2.0450000000000004,3.266666666666667,0.017399999999999905,5.953333333333336,0.002216666666666656,-0.7333333333333333,-0.5566666666666668,-0.17666666666666658,108,1
-0.06380379746835455,-5.24234752589183,8.514326812428077,8.861449942462603,1.2560414269275033,-0.34712313003452255,-0.014253739930955134,-1.761392405063296,-0.012704833141542016,1.2818757192174914,1.2096662830840046,0.07220943613348675,-35,1
0.09371650055370988,7.551052048726473,0.5623477297895902,-3.4336655592469554,1.3184939091915826,3.996013289036545,0.05671096345514952,4.103433001107424,-0.04614839424141749,0.524252491694352,-0.7820598006644521,1.306312292358804,-22,1
-0.04711815252416749,-6.618582169709981,1.3596133190118125,3.1013963480128885,-0.4393125671321165,-1.741783029001074,-0.01964339419978518,-3.845435016111705,0.022462943071965634,0.17153598281417812,0.43523093447905453,-0.2636949516648765,-11,1
-0.07420394736842122,-8.122149122807025,0.29210526315789453,2.425877192982456,-1.557456140350877,-2.1337719298245617,-0.029570175438596503,-6.540131578947364,0.002565789473684232,0.0833333333333333,0.3458333333333335,-0.2625,9,0
0.06620348837209308,3.8784237726098127,-3.7405684754521973,-5.257881136950905,-1.7426356589147285,1.517312661498708,0.02348837209302328,3.0835271317829354,0.010473514211886293,-0.5299741602067182,-0.7127260981912145,0.18275193798449613,14,1
-0.061928571428571375,-11.012499999999994,-3.371428571428571,-1.383035714285714,0.6241071428571427,-1.9883928571428573,-0.01921428571428565,-5.616071428571431,-0.035741071428571414,-0.6508928571428572,0.07232142857142865,-0.7232142857142858,24,0
0.0015011764705882059,2.301647058823522,-4.340705882352941,-4.090588235294119,-3.2044705882352935,-0.2501176470588238,0.005955294117647125,2.031058823529412,0.0128164705882353,-0.48988235294117655,-0.8028235294117648,0.3129411764705883,9,1
0.007083229813664471,-1.205465838509309,10.480993788819877,9.706583850931676,6.221118012422361,0.774409937888199,0.0014931677018633182,-3.456894409937888,-0.03174658385093169,1.3408695652173912,1.3557763975155281,-0.014906832298136653,-12,1
0.022103030303030312,4.344545454545454,-2.378484848484851,-3.722727272727275,-0.9706060606060607,1.3442424242424242,0.0067606060606060225,2.535757575757583,0.008315151515151498,-0.421818181818182,-0.6200000000000003,0.19818181818181818,13,0
0.03830526315789482,10.950263157894739,1.4434210526315794,-0.19947368421052686,-1.9144736842105257,1.642894736842105,-0.0031236842105262673,5.043947368421056,0.043281578947368386,0.09947368421052608,0.21631578947368438,-0.11684210526315786,21,1
-0.11671175166297121,-11.675166297117523,-13.709312638580931,-11.263858093126384,-7.745676274944569,-2.4454545454545458,-0.07062971175166297,-10.62150776053215,0.024514412416851445,-1.829711751662971,-1.7272727272727273,-0.10243902439024395,19,1
0.08429228243021343,11.97536945812808,5.311330049261082,2.890311986863709,4.888013136288999,2.4210180623973727,0.04820032840722499,5.0003284072249645,-0.0058686371100164225,0.769129720853859,0.3776683087027918,0.3914614121510673,-8,0
-0.06434897360703806,-3.9706744868035173,-1.528152492668621,-0.16862170087976552,-1.6461876832844577,-1.3595307917888562,-0.021810850439882755,-0.6536656891495568,0.01410703812316716,-0.44193548387096754,0.22052785923753665,-0.6624633431085044,-13,0
-0.020800104520512064,-0.8286647504572727,0.7128560229945137,1.6193362947478456,1.2169323229683826,-0.9064802717533315,-0.0012223673896002874,-1.0593937810295215,-0.02278181343088581,0.14742618238829372,0.1951397961850013,-0.047713613796707535,3,0
0.01596153846153836,3.25641025641026,1.679487179487181,1.9769230769230774,0.17948717948717885,-0.2974358974358976,0.005326923076923107,2.0230769230769226,0.003666666666666685,0.15320512820512838,0.3884615384615383,-0.23525641025641025,2,1
0.04662962962962962,6.206349206349211,1.5957671957671962,-0.5798941798941805,1.1158730158730155,2.175661375661376,0.00794708994708997,4.0396825396825395,-0.02697883597883598,-0.06507936507936503,0.09312169312169302,-0.15820105820105818,13,1
0.09990476190476205,6.685714285714283,12.133333333333335,10.780952380952382,7.257142857142857,1.3523809523809522,0.06514285714285724,5.085714285714284,-0.02099999999999998,2.0238095238095237,1.3428571428571427,0.6809523809523809,-21,1
0.045931623931623956,7.125128205128215,6.802393162393159,3.5900854700854694,1.3097435897435896,3.212307692307692,0.028492307692307726,3.899829059829062,-0.02073504273504275,0.8321367521367524,0.6389743589743591,0.1931623931623932,6,1
-0.05718769230769223,-7.80492307692308,3.667076923076923,5.488615384615384,0.9852307692307694,-1.8215384615384616,-0.007153846153846066,-5.562769230769229,-0.017572307692307693,0.8464615384615385,0.5867692307692304,0.25969230769230767,-37,0
-0.03040909090909092,-8.943719008264463,2.3719834710743806,3.5702479338842976,4.228595041322314,-1.1982644628099177,0.011776859504132209,-6.229338842975205,-0.017935537190082607,0.34793388429752065,0.35785123966942145,-0.009917355371900883,-101,0
0.009669758812615847,-1.3489795918367407,7.045640074211502,6.727087198515768,4.369202226345084,0.3185528756957329,0.01492207792207798,-0.5959183673469368,-0.015589981447124274,1.1890538033395175,0.8530612244897959,0.33599257884972167,-27,0
0.16286120689655187,15.804137931034479,2.557586206896552,-2.1762931034482755,2.2810344827586206,4.733879310344827,0.05500603448275863,9.761379310344827,0.0027612068965517044,0.28879310344827563,-0.2563793103448275,0.5451724137931034,22,1
0.05277979797979797,4.12545454545454,2.9543434343434343,0.37858585858585914,1.4723232323232325,2.5757575757575757,0.03252525252525244,3.1460606060606127,-0.017684848484848487,0.8129292929292934,-0.09393939393939403,0.9068686868686868,-23,0
-0.03665608465608468,-5.735555555555561,-1.092592592592593,0.049947089947089296,-1.2917460317460316,-1.1425396825396827,-0.020304761904761957,-3.944232804232803,0.023420105820105785,-0.15439153439153452,0.021904761904761916,-0.17629629629629626,19,1
-0.05531746031746041,-6.201851851851859,3.866402116402117,5.80026455026455,1.1373015873015873,-1.933862433862434,-0.024505291005290974,-3.030158730158732,-0.0020740740740740893,0.4230158730158732,1.0653439153439153,-0.6423280423280424,-1,1
0.0314241486068112,-0.6055727554179555,-6.030030959752321,-6.108359133126935,-1.5783281733746126,0.07832817337461308,0.015040247678018592,-1.4015479876160952,-0.024383900928792578,-0.6665634674922603,-0.9965944272445821,0.330030959752322,-4,0
-0.0020800000000000375,-0.5893333333333259,4.319999999999999,2.9226666666666667,2.346666666666667,1.3973333333333333,-0.009626666666666695,0.35200000000000103,-0.02975999999999999,0.38666666666666644,0.6213333333333334,-0.23466666666666666,10,1
0.03383333333333334,2.203571428571422,-2.9996031746031746,-4.185714285714285,-1.2960317460317454,1.1861111111111111,0.010813492063492048,3.999206349206349,0.03464682539682536,-0.2095238095238095,-0.751190476190476,0.5416666666666666,-9,1
-0.07598785425101204,-5.94197031039136,-2.0139001349527645,0.21349527665317397,-0.06315789473684212,-2.227395411605938,-0.01992982456140362,-5.361808367071521,0.008631578947368396,-0.40904183535762495,0.06504723346828607,-0.47408906882591095,-40,1
-0.11340802469135805,-12.019691358024705,1.3744444444444455,5.036049382716048,-0.22925925925925944,-3.661604938271605,-0.04513086419753087,-5.466234567901227,0.00901543209876543,0.4046296296296297,0.5595061728395059,-0.1548765432098766,-41,0
0.04032142857142849,9.989285714285717,2.6946428571428576,0.0625,0.3125,2.632142857142857,0.03287500000000003,3.3749999999999973,-0.026357142857142867,0.7053571428571428,-0.2946428571428572,1.0,-2,1
0.028768270944741436,6.90320855614973,-3.5434937611408195,-4.791265597147952,-1.526737967914439,1.2477718360071302,0.0018573975044562819,4.345989304812835,-0.006110516934046345,-0.7172905525846703,-0.6008912655971482,-0.11639928698752229,29,0
0.12941666666666657,18.608333333333338,-2.083333333333333,-9.025,-3.541666666666667,6.941666666666667,0.05225000000000002,10.825,0.03724999999999999,0.2750000000000002,-1.9500000000000004,2.225,12,1
-0.03339130434782607,2.2389233954451355,1.4277432712215323,2.4948240165631477,0.6240165631469978,-1.0670807453416145,-0.011325051759834382,2.8281573498964834,0.02035610766045547,0.13002070393374748,0.5291925465838507,-0.39917184265010347,2,1
-0.06044338624338628,-4.306560846560842,3.9750264550264554,5.322116402116404,0.47798941798941785,-1.347089947089947,-0.021972486772486755,-2.586031746031742,0.04164126984126982,0.45481481481481456,0.7983068783068784,-0.3434920634920635,16,0
0.11562597402597401,10.505714285714282,-0.5696103896103899,-3.595844155844155,0.14389610389610424,3.0262337662337666,0.049828571428571486,7.1742857142857135,-0.06233246753246748,0.003636363636363704,-0.4797402597402597,0.48337662337662335,-41,1
0.061336870026525304,8.236870026525201,-2.006631299734748,-3.3496021220159142,-1.0405835543766582,1.3429708222811674,0.02532891246684348,4.593103448275864,0.007010610079575613,-0.2496021220159153,-0.5933687002652522,0.3437665782493368,3,1
-0.055608519574021374,-8.890895455227241,-8.785120743962803,-6.3402129893505315,-2.189830508474576,-2.4449077546122693,-0.026388480575971252,-3.828798560072002,-0.0020710964451777503,-1.2307784610769459,-0.9151642417879104,-0.31561421928903555,-54,0
0.08844230769230768,6.446153846153839,0.3711538461538453,-3.3711538461538466,2.715384615384616,3.742307692307693,0.04711538461538467,1.3634615384615358,-0.04163461538461538,0.3134615384615385,-0.5413461538461541,0.8548076923076924,3,1
0.10944150641025638,10.840865384615388,-0.2974358974358985,-3.5804487179487183,-0.5508012820512821,3.2830128205128206,0.03737179487179487,10.263381410256411,0.014861378205128218,0.14735576923076926,-0.7205128205128204,0.8678685897435898,25,1
0.0756727272727273,6.643636363636358,3.4236363636363647,-0.020000000000000285,-0.5684848484848495,3.443636363636364,0.023921212121212187,6.520606060606068,0.02562424242424243,0.22303030303030286,0.1587878787878787,0.06424242424242417,7,1
0.010581939799331131,-0.8217391304347871,3.907692307692307,4.83478260869565,3.5214046822742473,-0.9270903010033444,0.002946488294314342,0.9682274247491677,0.004036789297658855,0.3645484949832774,1.0247491638795991,-0.6602006688963211,-33,0
-0.04086197183098583,-0.6955868544600889,2.272488262910798,2.9347417840375583,-0.4331924882629107,-0.6622535211267606,-0.014968075117370905,0.8865727699530481,0.041233802816901394,0.24610328638497636,0.41380281690140847,-0.16769953051643194,11,0
0.05090458175704073,3.171080285834381,0.700546448087433,-0.540311055065154,0.24489281210592698,1.240857503152585,0.023638503572929803,1.1197982345523372,-0.020024379991593115,0.18722152164775102,-0.04430432955023118,0.23152585119798236,22,1
-0.0488142857142857,-5.787619047619046,2.87142857142857,4.620952380952381,0.718095238095238,-1.7495238095238093,-0.023452380952380957,-2.9138095238095216,-0.0023666666666666615,0.2814285714285717,0.8852380952380956,-0.6038095238095238,-2,1
-0.03422519936204149,-5.024625199362044,-10.04140350877193,-8.445263157894736,-3.008484848484849,-1.5961403508771932,-0.01793269537480069,-0.207464114832527,-0.0013578947368420857,-1.3532376395534291,-1.2818181818181817,-0.07141945773524723,-59,0
-0.018338461538461547,-3.265054945054942,1.7472527472527488,3.054065934065936,3.131208791208791,-1.3068131868131867,-0.001239560439560461,-2.1329670329670334,0.007013186813186817,0.11956043956043967,0.5138461538461536,-0.3942857142857143,-51,0
-0.023682487725040956,-4.491734860883798,-0.6941489361702111,-0.8413666121112925,-1.618576104746318,0.14721767594108,-0.006329787234042539,-1.0182487725040914,0.020952127659574465,-0.12058101472995117,-0.06984451718494293,-0.050736497545008155,57,1
0.13895829787234046,17.977531914893625,2.412595744680851,-3.812255319148936,0.09208510638297902,6.224851063829787,0.05497872340425534,11.759489361702126,0.041494468085106366,0.5632340425531914,-0.7102978723404254,1.273531914893617,-22,1
0.0020512820512820886,-0.8825174825174826,-2.0216783216783227,-2.606293706293708,0.6939393939393934,0.5846153846153846,0.009634032634032553,0.5757575757575808,0.005023310023310068,-0.4606060606060608,-0.13123543123543122,-0.3293706293706294,-7,0
-0.08165130023640663,-10.257565011820333,-0.6296690307328596,3.13617021276596,0.4531914893617017,-3.765839243498818,-0.0360910165484634,-4.182978723404247,-0.06440543735224588,-0.366903073286052,0.7802600472813237,-1.147163120567376,11,1
0.018734192037470888,3.4935597189695557,-1.1692622950819676,-1.9497072599531613,-0.7422131147540985,0.7804449648711944,0.00828161592505856,3.337880562060886,-0.0006797423887588083,-0.10655737704918034,-0.34320843091334907,0.23665105386416863,-5,0
0.05673978494623651,1.5696774193548435,-4.159354838709676,-5.749032258064517,-1.6937634408602154,1.5896774193548384,0.01369892473118275,1.73569892473119,-0.027176344086021497,-0.5406451612903224,-0.7744086021505376,0.23376344086021503,-47,1
0.029149425287356402,1.080459770114936,2.7425287356321846,1.8620689655172413,1.5471264367816089,0.8804597701149426,0.01565517241379304,1.5103448275862092,0.014873563218390807,0.3448275862068965,0.37701149425287356,-0.03218390804597697,0,1
-0.006644589911436283,-1.5850596842510527,1.1376203311513264,2.1049672699268376,-0.22164035425490952,-0.9673469387755104,-0.002869464767038932,-2.9075856757797482,-0.0037458606083943247,0.19568733153638834,0.2857142857142856,-0.09002695417789751,-4,0
0.10258645276292336,6.732798573975043,2.5108734402852066,-0.9130124777183604,6.464349376114082,3.4238859180035655,0.058017825311943015,1.545098039215685,-0.0347344028520499,0.5707664884135474,-0.20392156862745098,0.7746880570409983,-49,1
-0.08727695560253693,-16.204228329809723,0.713319238900634,3.374630021141649,1.484143763213531,-2.6613107822410145,-0.02161945031712471,-8.5708245243129,-0.02305285412262157,-0.2854122621564481,0.9682875264270614,-1.2536997885835095,-32,0
0.019129629629629673,-1.1354377104377078,3.034427609427609,1.4102693602693606,0.8659932659932668,1.6241582491582487,0.01197811447811441,-1.187205387205387,0.016537878787878768,0.437962962962963,0.07643097643097647,0.3615319865319865,-20,0
0.14699230769230776,11.15246153846154,6.137025641025644,0.8330769230769249,3.251435897435897,5.303948717948718,0.05604102564102562,6.638461538461533,0.01789230769230769,1.0382564102564105,0.2154871794871796,0.8227692307692308,-23,1
0.043645161290322455,7.397067448680355,6.936698785085883,4.9498114788437375,0.8458315877670717,1.9868873062421446,0.007728529534981177,4.937620444072064,0.04437243401759534,1.0020527859237536,0.5383745286971096,0.4636782572266444,15,0
0.023617543859649048,5.539649122807015,1.650292397660818,-0.22947368421052589,0.4799999999999997,1.8797660818713446,0.022805847953216364,3.086549707602336,-0.013135672514619907,0.3549707602339181,-0.16163742690058475,0.5166081871345028,7,1
0.05424572230014035,8.796044880785416,7.706086956521737,5.306900420757364,1.7571949509116411,2.399186535764376,0.026284431977559565,3.7983169705469804,0.0015733520336605855,1.0603085553997196,0.7783169705469845,0.2819915848527349,53,1
-0.03662337662337663,-4.035930735930731,-5.439134199134199,-3.034415584415585,-1.402597402597403,-2.4047186147186146,-0.01937229437229442,-3.2072727272727293,0.02585151515151517,-0.4666233766233766,-0.7068398268398267,0.2402164502164502,-61,1
0.01952826510721257,5.824691358024699,-0.6544509421702408,-1.8102664067576342,-0.7204678362573095,1.1558154645873944,0.010504223521767275,1.811695906432749,-0.013057829759584116,-0.20155945419103335,-0.1064327485380118,-0.09512670565302139,24,1
0.1135288211874675,7.147966072355894,4.608689631296521,0.10815302059892744,3.6562575731348455,4.500536610697593,0.04503929375108173,2.564826034273841,0.019747966072355898,0.8532802492643239,0.06124285961571774,0.7920373896486066,-56,0
-0.0002048006194346641,1.4983739837398389,2.630545876887338,2.319473480449092,0.3158730158730158,0.31107239643825035,0.001700735578784318,2.470460704607041,0.034282617111885426,0.40580720092915235,0.2835849787069299,0.1222222222222222,19,1
-0.052378178592548785,-2.8920756948551287,-4.435422826729744,-2.0712891780011846,-0.5200177409816679,-2.3641336487285627,-0.02217740981667655,-2.903991720875214,-0.014726788882318126,-0.5709639266706091,-0.2508870490833826,-0.32007687758722647,-13,0
-0.06697789566755086,-12.19752431476569,-3.659858532272325,-0.4961096374889493,0.18390804597701127,-3.163748894783377,-0.01909637488947833,-4.512290008841734,0.0044862953138815,-0.36861184792219304,-0.12961980548187454,-0.2389920424403183,-20,0
0.09199259259259263,7.992592592592592,1.3192592592592618,-1.425925925925926,2.6911111111111117,2.745185185185185,0.0326222222222222,3.7251851851851883,0.0028740740740741066,0.35851851851851857,-0.011851851851851869,0.37037037037037035,-36,1
-0.044611155063291094,-7.686036392405055,-6.736511075949366,-4.572349683544306,-0.6818037974683548,-2.164161392405063,-0.009303797468354502,-5.036906645569621,-0.04359375000000002,-0.9766613924050634,-0.4729034810126581,-0.503757911392405,-15,0
0.12209013539651847,6.975822050290134,7.836557059961317,2.754429400386848,4.774932301740812,5.082127659574468,0.04572882011605417,4.172263056092842,-0.003351257253384915,1.3273114119922629,0.418491295938104,0.9088201160541587,-63,0
-0.03982783018867915,-6.869245283018865,-1.7903773584905665,-0.9834433962264157,0.05245283018867859,-0.8069339622641512,-0.011983018867924522,-5.030047169811323,0.0010514150943396416,-0.15712264150943378,-0.060047169811321056,-0.09707547169811323,26,1
0.03731736035049278,3.1815169769989096,-0.9331599123767788,-1.896111719605696,0.13072289156626554,0.9629518072289157,0.01354572836801753,0.0978915662650536,-0.009053669222343958,-0.26319824753559706,-0.10221796276013162,-0.1609802847754655,5,1
-0.023477100115074777,2.2253164556962135,0.7964556962025313,0.8136708860759512,-2.597606444188723,-0.017215189873417813,-0.00758250863060983,1.1344994246260058,-0.02759217491369389,0.24059838895281924,-0.23530494821634074,0.47590333716916,24,1
-0.010665123456790182,3.1,0.7083333333333343,0.8754629629629648,-2.6037037037037036,-0.16712962962962977,-0.004427469135802431,0.49598765432098163,0.01999074074074076,0.08611111111111125,-0.12947530864197515,0.21558641975308648,33,1
0.04813095238095237,3.3559523809523797,0.49880952380952126,-0.9666666666666665,2.0595238095238093,1.4654761904761906,0.013904761904761864,0.664285714285711,0.01396428571428569,0.04047619047619051,0.029761904761904746,0.010714285714285765,-28,0
0.06322152058600661,2.4564283910078246,6.389593331649409,2.637955712722067,2.0700176812326343,3.751637618927339,0.02591243580028626,-0.8870421823692851,0.018035867643344288,1.1732592405489606,0.25122505683253343,0.9220341837164266,-4,0
-0.015525842696629155,1.893033707865169,2.143651685393259,1.7940730337078648,-0.7000561797752802,0.34957865168539326,-0.008713202247190965,1.4872191011235913,-0.004733988764044944,0.550758426966292,-0.11070224719101099,0.6614606741573035,-9,0
0.0053651416122004305,-0.3906100217864946,2.409694989106754,1.3381481481481472,0.42202614379085013,1.0715468409586055,-0.0026215686274508655,-2.2197821350762497,0.012824618736383447,0.4116557734204792,0.15246187363834424,0.2591938997821351,23,0
-0.023258958145136878,-1.1378500451671243,-3.0208672086720867,-2.4339656729900625,-0.9214694369165919,-0.5869015356820234,-0.004027100271002682,-1.0561276723878366,-0.024102981029810327,-0.293526046371575,-0.42532369768142136,0.1317976513098464,-1,1
0.09688253968253961,6.597500000000008,3.073809523809524,-0.6694841269841284,1.7703174603174605,3.7432936507936505,0.04341666666666666,1.8093253968253975,-0.0029980158730158967,0.5156349206349207,-0.03269841269841258,0.5483333333333333,-22,1
-0.022921157118547964,-5.445207033465681,-1.2787861599546262,0.052580828133863375,0.5114577424844011,-1.3313669880884855,-0.006202495745887738,-1.72909812819058,0.013526942711287604,-0.32110039705048204,0.2420306296086216,-0.5631310266591039,4,0
-0.052611226611226726,-2.2611226611226583,12.121275121275122,10.456133056133055,3.1251559251559256,1.665142065142065,-0.006329868329868371,-3.6389466389466465,0.04862370062370063,1.8504504504504502,1.3858627858627859,0.46458766458766465,-2,0
-0.018601018675721594,-5.4932088285229215,0.928522920203735,1.3704584040747043,-1.4884550084889638,-0.4419354838709677,-0.014402376910016978,-2.748896434634969,0.04058404074702884,0.09626485568760623,0.4174872665534804,-0.32122241086587444,7,0
-0.04793762183235872,-5.80292397660819,2.824366471734895,4.598050682261209,2.3354775828460035,-1.7736842105263158,-0.005990253411306013,-2.6144249512670483,-0.028101364522417172,0.31384015594541886,0.8596491228070177,-0.5458089668615985,-11,1
0.0846666666666667,10.686769230769233,-5.339282051282051,-6.26,-0.8459487179487184,0.9207179487179488,0.04162871794871796,4.9390769230769305,-0.043976410256410255,-0.7653333333333333,-1.0274871794871794,0.2621538461538461,11,0
0.09478571428571418,7.646428571428584,-13.912857142857145,-14.022142857142857,-5.107142857142857,0.10928571428571439,0.012478571428571405,5.822142857142859,-0.02142142857142858,-2.027857142857143,-2.089285714285714,0.06142857142857148,12,1
-0.05750735294117644,-4.451960784313729,4.714093137254902,5.034558823529412,2.388480392156863,-0.3204656862745098,-0.025355392156862798,-1.9193627450980386,0.0025625000000000344,0.6846813725490195,0.6580882352941176,0.026593137254901932,-19,0
0.0059877344877345305,1.9343434343434296,2.866089466089465,2.647582972582975,1.8856060606060603,0.21850649350649345,0.01240331890331885,1.817243867243866,-0.004007936507936505,0.44657287157287157,0.3691197691197692,0.07745310245310247,-25,0
-0.01577777777777778,-3.0242063492063496,-1.1567460317460323,-0.21369047619047593,0.02301587301587311,-0.9430555555555553,-0.024467261904761915,-2.579712301587301,-0.0038129960317460133,-0.28764880952380967,0.05034722222222197,-0.33799603174603177,-1,0
0.02101149425287365,4.014629049111806,-2.330198537095088,-2.6992685475444107,-0.7107628004179729,0.36907001044932075,-0.005941483803552772,2.5922675026123274,-0.023901776384535,-0.33312434691745035,-0.5803552769070012,0.2472309299895506,4,0
0.007533936651583728,-1.186425339366508,-7.523529411764706,-7.166968325791856,-3.1383710407239818,-0.35656108597285063,0.016707692307692312,-0.6227149321266949,-0.010541176470588259,-1.0006334841628957,-0.9400000000000002,-0.06063348416289592,31,1
-0.027381818181818063,-2.404242424242426,9.790303030303031,9.738787878787878,3.8212121212121217,0.051515151515151694,-0.011963636363636353,-1.5793939393939411,0.03590909090909091,1.3236363636363635,1.4993939393939395,-0.1757575757575757,-36,1
-0.07637765220172721,-7.9049152361658965,-5.321868002985395,-1.4540356114724395,-1.2142659132103635,-3.8678323915129544,-0.033561786970892474,-2.957543448128797,0.008342893698688602,-1.0885382236912253,0.1072822262501334,-1.1958204499413585,30,1
0.09825660304607671,6.883381530749955,2.737266242529402,-1.08590707538076,1.5846925004819745,3.8231733179101597,0.043415654520917626,1.947194910352812,-0.0032982456140351114,0.4684788895315212,-0.09467900520532088,0.5631578947368421,-23,1
-0.04867478000374459,-3.530724583411353,-0.9125631904137819,-0.052237408724958814,-2.4575922111964053,-0.8603257816888228,-0.015176558696873154,-4.311140235910875,0.021590338887848743,-0.07882419022654936,-0.1446171129002062,0.06579292267365666,60,0
0.08501463414634144,7.6353658536585325,-12.103170731707317,-12.119146341463413,-2.8685365853658533,0.01597560975609742,0.025904878048780434,5.375975609756108,-0.04271707317073174,-1.7676829268292682,-1.7928048780487806,0.025121951219512172,1,0
0.019330916998912605,-0.03704240666908163,-11.847988401594781,-11.513156940920624,-5.451830373323668,-0.3348314606741573,-0.006355201159840429,-0.6772018847408503,-0.03151504168176876,-1.651540413193186,-1.7438927147517216,0.09235230155853573,58,0
0.0005884146341464281,-1.095274390243901,-0.2951219512195117,-0.14664634146341485,-1.764176829268293,-0.1484756097560978,-0.021559451219512082,-0.19054878048780494,0.01754573170731712,-0.07484756097560989,-0.019054878048780567,-0.05579268292682924,9,1
-0.01365760869565209,-4.467119565217393,3.084510869565217,4.093206521739131,2.2608695652173916,-1.0086956521739125,-0.005733695652173876,-5.046195652173912,-0.016850543478260892,0.7059782608695654,0.6611413043478261,0.044836956521739114,9,1
-0.02976470588235285,-5.232217194570143,-2.6862443438914014,-0.501085972850678,0.44371040723981847,-2.1851583710407243,0.0007945701357465529,-2.533393665158363,-0.04571131221719456,-0.7106787330316743,0.3276923076923078,-1.038371040723982,59,1
0.029844466600199505,3.5188434695912236,-3.8864406779661005,-3.5568295114656037,-0.6965104685942176,-0.32961116650049865,0.022848454636091753,0.8129611166500552,0.0299416749750748,-0.5084247258225325,-0.5967098703888335,0.0882851445663011,9,1
0.10410038610038597,8.721235521235524,-0.9476833976833976,-3.3733590733590733,0.13822393822393853,2.4256756756756754,0.032212355212355305,4.080888030888031,-0.007171814671814669,0.03552123552123558,-0.5735521235521237,0.6090733590733591,-9,1
-0.0077173913043478756,0.6644927536231933,-2.159057971014491,-1.698188405797103,-1.9090579710144926,-0.4608695652173914,-0.005576086956521786,3.0373188405797125,-0.017985507246376837,-0.4507246376811593,-0.42101449275362307,-0.02971014492753623,-22,1
0.06313131313131304,10.622895622895612,-1.154208754208753,-4.5346801346801335,-2.087542087542088,3.3804713804713797,0.023925925925925927,8.020875420875416,0.04685521885521881,-0.05858585858585865,-0.8969696969696969,0.8383838383838385,-6,0
-0.022229533881707807,-4.735409322365848,3.989894242068155,3.463258911084997,0.23572267920094098,0.5266353309831573,-0.01877634155895023,-3.7167254210732468,-0.03467254210732472,0.5955346650998823,0.5929494712103407,0.002585193889541726,5,1
-0.10713636363636367,-11.296590909090913,-12.679545454545453,-7.8625,-6.977272727272728,-4.817045454545455,-0.0270909090909091,-4.786363636363641,0.03773863636363638,-1.9011363636363634,-1.1681818181818184,-0.7329545454545454,72,0
0.059553752535496954,6.320283975659225,-7.332150101419879,-8.865111561866126,-2.2780933062880324,1.5329614604462471,0.02005476673427995,2.888742393509136,-0.027156186612576082,-1.2762677484787015,-1.0544624746450304,-0.22180527383367146,82,1
0.1387499999999999,16.64305555555556,-5.13888888888889,-9.412962962962961,-0.9800925925925927,4.274074074074074,0.05864351851851861,10.074999999999998,0.015629629629629653,-0.587962962962963,-1.6046296296296294,1.0166666666666668,6,0
-0.10276293103448284,-4.657327586206895,12.996982758620689,15.490517241379308,5.15,-2.4935344827586206,-0.05111637931034489,-3.2573275862068956,0.03404741379310345,1.6129310344827588,2.254741379310345,-0.6418103448275863,13,0
0.11826262626262637,8.507070707070715,4.3909090909090915,0.17878787878787747,5.147474747474748,4.212121212121213,0.0708080808080808,4.559595959595958,-0.022272727272727288,1.2515151515151515,-0.5767676767676766,1.828282828282828,-4,0
-0.0450692810457517,1.0133333333333383,-6.2640522875817,-4.827450980392159,-4.970457516339869,-1.4366013071895425,-0.031152941176470585,0.3856209150326862,0.036839215686274525,-1.090718954248366,-0.7647058823529411,-0.32601307189542483,28,0
-0.06623333333333345,-8.253333333333336,6.5,7.706666666666668,1.4533333333333343,-1.2066666666666666,-0.0341666666666667,-6.613333333333324,0.017999999999999988,0.9866666666666667,1.1133333333333333,-0.1266666666666667,30,1
-0.03793570451436386,-6.4146374829001385,3.686456908344732,5.21668946648427,1.6149110807113538,-1.5302325581395348,-0.02622571819425441,-6.0217510259917875,-0.0008768809849521442,0.7885088919288646,0.5629274965800275,0.22558139534883725,-52,0
-0.05319452887537988,-8.24148936170214,0.17598784194528888,2.5610942249240116,1.6949848024316112,-2.385106382978724,-0.01729635258358666,-6.659726443768998,-0.013231003039513679,-0.1922492401215803,0.717173252279635,-0.9094224924012158,19,1
0.03640978189028419,3.041639127561132,-0.6485128883013879,-1.976338400528752,0.016787838730997783,1.3278255122273632,0.013147389292795774,2.5805684071381365,-0.041216126900198304,0.04719101123595504,-0.3340383344348975,0.38122934567085265,-72,1
0.10081458224315358,12.403907203907204,-1.9086342229199373,-5.264678178963895,-0.7244374672946101,3.356043956043956,0.0428881911739055,4.828048142333858,0.0017892900750043628,-0.1749171463457177,-0.8772021629164485,0.7022850165707308,68,1
0.147859943977591,12.354621848739498,2.7120448179271697,-2.47422969187675,3.957142857142857,5.186274509803921,0.05412044817927177,5.208963585434179,-0.07203641456582635,0.49943977591036426,-0.28683473389355746,0.7862745098039216,-25,1
0.12641118012422364,13.026956521739123,-14.638260869565215,-17.28757763975155,-4.267453416149067,2.649316770186336,0.04398260869565222,9.680124223602487,-0.026452173913043504,-2.1180124223602483,-2.5043478260869567,0.3863354037267081,11,1
0.13751042701092359,10.227507447864957,1.9233366434955315,-2.4705064548162867,6.184409136047667,4.393843098311817,0.07011519364448852,4.939523336643504,-0.00859185700099302,0.6573982125124131,-0.5329692154915593,1.1903674280039722,-87,1
-0.02973466003316756,-9.077280265339965,2.407628524046433,4.199834162520729,4.092868988391377,-1.7922056384742953,-0.0009684908789386216,-6.9822553897180715,-0.03900663349917082,0.656882255389718,0.5205638474295191,0.13631840796019895,-49,0
0.04318279569892476,7.50529032258064,-6.332817204301076,-6.792258064516129,-0.8940215053763438,0.4594408602150537,0.024750967741935505,8.173505376344082,-0.013045161290322554,-1.0133333333333332,-0.9881290322580645,-0.02520430107526883,-44,1
0.03954454022988509,5.448994252873558,-2.391091954022987,-3.4028735632183933,-1.1533045977011493,1.0117816091954022,0.023287356321839026,5.646408045977017,-0.032359195402298827,-0.48275862068965514,-0.4234195402298848,-0.05933908045977014,39,0
0.0779741602067183,3.5307493540051667,-10.003100775193797,-11.87622739018088,-2.662532299741602,1.8731266149870802,0.03986563307493538,2.5426356589147305,-0.07792248062015503,-1.334108527131783,-1.6325581395348834,0.2984496124031007,-25,1
0.1611531914893617,18.104595744680836,-9.240936170212766,-13.518127659574466,-2.4940425531914885,4.277191489361702,0.0664289361702128,11.031999999999996,0.0020051063829787386,-1.0677446808510638,-2.253531914893617,1.185787234042553,-3,1
0.03273805855161784,3.515315870570106,-3.3943913713405243,-3.997966101694915,-0.26902927580893704,0.6035747303543915,0.01335624036979972,4.827734976887518,0.013144221879815126,-0.4646533127889062,-0.6720493066255778,0.20739599383667184,-63,1
-0.07448888888888901,-3.0377777777777792,11.364444444444443,13.051111111111112,4.693333333333333,-1.6866666666666668,-0.03946666666666669,-1.597777777777773,-0.01111111111111111,1.5355555555555551,1.8400000000000005,-0.3044444444444444,-60,1
0.0368078017066233,3.3030475416497493,-1.9841527834213721,-2.805363673303533,1.6452661519707437,0.8212108898821618,0.007587972368955698,1.2724095895977285,0.012267370987403482,-0.4984965461194637,-0.006420154408776834,-0.4920763917106868,-84,1
0.07991304347826089,8.827621483375964,3.7154731457800514,0.16662404092071553,0.8741687979539643,3.5488491048593347,0.036579283887468006,7.043989769820968,0.0009936061381074057,0.36854219948849104,0.20153452685421974,0.16700767263427113,22,1
0.05478896551724135,6.704551724137934,1.9313103448275855,-0.6206896551724143,0.21931034482758632,2.5520000000000005,0.02304000000000004,3.189517241379318,0.030002758620689636,0.6325517241379311,-0.2620689655172416,0.8946206896551722,4,0
0.017948662640207114,-0.09680759275238415,0.24240724762726273,-0.2716566005176844,-0.38628127696289843,0.5140638481449529,0.006913718723037099,-2.2247195858498685,-0.005816652286453838,0.04991371872303736,0.018723037100948935,0.031190681622088,15,1
-0.03495307917888561,-1.8982404692082184,1.3291788856304976,2.487683284457476,1.653372434017595,-1.1585043988269796,-0.013495601173020622,-0.9259530791788819,-0.04429765395894429,0.09222873900293287,0.3865102639296188,-0.29428152492668624,-13,0
0.03308928571428571,3.1,-3.5494047619047615,-4.0892857142857135,-1.411309523809524,0.5398809523809525,0.012059523809523753,1.8392857142857166,-0.012392857142857155,-0.3672619047619047,-0.7041666666666668,0.3369047619047619,-8,1
-0.0654795321637428,-9.32690058479534,-11.884795321637426,-8.553216374269006,-6.167251461988304,-3.3315789473684205,-0.01515789473684217,-2.9736842105263093,-0.0067602339181286495,-1.7017543859649122,-1.187719298245614,-0.5140350877192982,1,0
0.03701633986928099,5.118954248366009,4.85424836601307,3.189542483660131,1.4241830065359469,1.6647058823529413,0.022669934640522915,1.425163398692817,0.030568627450980407,1.0049019607843135,0.15032679738562066,0.8545751633986928,-15,1
0.0005135989879823111,-5.101960784313735,-5.56900695762176,-5.706767868437698,-3.2479443390259335,0.13776091081593905,0.014699557242251693,-1.30980392156863,0.030393421884882976,-0.8957621758380773,-0.7318153067678682,-0.16394686907020867,76,0
-0.029360000000000008,-5.815384615384613,5.486769230769232,6.194461538461539,3.8169230769230778,-0.7076923076923076,-0.002033846153846319,-5.352923076923071,0.01614461538461536,0.8433846153846154,0.6267692307692307,0.2166153846153846,1,1
0.013695906432748494,-3.9022417153996174,0.8098440545808969,1.361306042884992,3.4210526315789465,-0.5514619883040935,0.015634502923976435,-2.4095516569200783,-0.00995029239766083,0.4529239766081873,0.11042884990253406,0.34249512670565296,-89,0
0.17037021276595754,14.588297872340423,6.93744680851064,0.2878723404255332,7.201276595744682,6.649574468085106,0.08738723404255318,8.098085106382976,-0.034721276595744685,1.0959574468085105,0.08574468085106393,1.0102127659574467,-27,1
-0.044681818181818066,-4.358566433566443,0.01486013986014143,1.3305944055944046,-0.9085664335664326,-1.3157342657342654,-0.028861888111888077,-2.1870629370629358,0.01804545454545452,-0.011538461538461586,-0.013461538461538237,0.0019230769230769162,-62,0
0.004848979591836766,1.6122448979591808,-1.3118367346938755,-2.1591836734693883,-0.333061224489796,0.8473469387755109,0.006016326530612149,0.6546938775510285,0.03244081632653063,-0.3191836734693879,-0.17795918367346938,-0.14122448979591837,14,0
-0.1732302631578948,-13.342434210526312,-1.0121710526315795,5.286513157894737,-1.924013157894737,-6.298684210526315,-0.06500986842105264,-6.030263157894732,0.02570394736842104,-0.3513157894736844,0.7401315789473686,-1.0914473684210526,13,0
0.0877572309151257,9.55770507349456,-10.267804646752014,-12.284969179706023,-2.442863916548127,2.017164532954007,0.030664770033191124,7.580749170222856,-0.01624182076813655,-1.647415836889521,-1.664580369843528,0.01716453295400666,20,0
0.03734114774114772,1.2321855921855955,-10.128693528693528,-10.555067155067155,-3.0289621489621483,0.42637362637362647,0.024866422466422455,0.5934554334554377,-0.03387936507936509,-1.441953601953602,-1.474188034188034,0.032234432234432245,46,0
0.06628571428571424,6.624729891956787,-6.210084033613445,-7.522929171668667,-1.3279711884753898,1.3128451380552222,0.025226890756302512,6.563505402160866,0.000554621848739506,-0.6950780312124851,-1.3279711884753902,0.6328931572629053,-70,0
0.0567333333333333,3.3550000000000066,0.9277777777777793,-0.725,-0.8572222222222232,1.652777777777778,0.019749999999999955,1.5472222222222256,0.010549999999999966,0.03499999999999996,-0.012222222222222268,0.047222222222222276,102,1
0.04375917431192664,4.042354740061166,-1.94579510703364,-3.049694189602447,1.6333333333333335,1.1038990825688075,0.009451070336391365,1.731957186544338,0.01019113149847094,-0.45840978593272175,-0.08004587155963305,-0.3783639143730887,-85,1
-0.08237681159420288,-5.671635610766043,-2.853830227743272,0.09068322981366492,-5.991718426501035,-2.9445134575569356,-0.04733333333333336,-1.023602484472042,0.03403726708074535,-0.6587991718426499,0.15320910973084842,-0.812008281573499,48,1
0.022397660818713482,3.717543859649129,3.8315789473684227,1.4859649122807006,2.5812865497076025,2.3456140350877193,0.015853801169590544,3.6596491228070107,-0.021970760233918175,0.6146198830409355,0.23801169590643276,0.37660818713450295,39,1
0.1217,14.016363636363645,0.664545454545457,-4.249090909090907,2.376363636363636,4.913636363636363,0.054072727272727314,6.972727272727272,0.0027272727272727227,0.1690909090909088,-0.7336363636363635,0.9027272727272727,2,1
0.08228150572831432,10.696890343698863,2.908510638297873,0.7906710310965629,0.09754500818330562,2.1178396072013093,0.016741407528641596,8.821767594108016,-0.025422258592471374,0.4029459901800328,0.0011456628477904296,0.40180032733224225,-68,1
0.03399696969696975,3.8831060606060532,5.118409090909092,2.8661363636363633,1.1471969696969697,2.2522727272727274,0.017928787878787933,2.7412121212121123,-0.02696590909090913,0.4721969696969695,0.6420454545454545,-0.16984848484848483,62,0
-0.007320000000000037,-1.4491428571428515,-0.7719999999999999,-0.4165714285714287,1.7760000000000002,-0.35542857142857154,-0.01158857142857137,-2.505714285714285,-0.01771428571428573,-0.36571428571428555,0.3314285714285715,-0.6971428571428572,-45,0
0.005858585858585852,-1.0703222703222763,1.9541125541125552,1.475132275132276,0.8549302549302549,0.47898027898027884,0.00551707551707552,-3.649639249639256,-0.012997594997595008,0.4671476671476672,0.30572390572390573,0.1614237614237614,50,1
0.03761805555555553,7.635416666666674,-7.667361111111111,-8.670833333333334,-2.3458333333333337,1.0034722222222219,0.02536805555555559,7.593750000000003,-0.008506944444444442,-1.2756944444444447,-1.184027777777778,-0.0916666666666667,-4,0
0.04257216940363007,5.830250648228196,-1.7547968885047525,-2.740190146931719,0.08354940939210564,0.985393258426966,0.02430740420628059,6.05966580236242,-0.005333621434745012,-0.3976663785652551,-0.31256122154998545,-0.08510515701526941,11,1
0.15535403726708066,12.822715173025733,5.928837622005324,-0.12280390417036316,6.525820763087843,6.051641526175688,0.08022715173025734,6.861047027506666,-0.0362644188110027,0.94321206743567,0.052173913043478404,0.8910381543921918,-26,1
-0.0853910256410257,-6.383974358974359,-2.454487179487181,0.6833333333333329,-3.382692307692308,-3.137820512820513,-0.056615384615384665,-2.9019230769230746,0.013410256410256416,-0.8128205128205128,0.5961538461538465,-1.4089743589743589,2,0
-0.03620540540540533,-6.059219219219216,3.5885285285285264,4.968708708708707,1.4502702702702706,-1.3801801801801803,-0.02361261261261256,-5.550090090090092,0.004886486486486469,0.7708708708708708,0.5255855855855858,0.2452852852852853,-53,0
-0.07903436619718307,-4.445408450704224,-1.349295774647888,1.0264788732394372,-5.161915492957746,-2.3757746478873236,-0.04335323943661966,-0.20394366197182875,0.034928450704225344,-0.38411267605633803,0.22918309859154934,-0.6132957746478873,46,1
0.010009794918885895,0.9332721150903012,-2.8519130700948887,-2.8309764309764303,-2.116559534741353,-0.020936639118457112,0.003127027854300679,4.996755433119065,-0.008306703397612459,-0.4628711355984084,-0.5004591368227731,0.03758800122436483,-94,0
0.05364132553606229,0.3473684210526301,2.5793372319688097,1.0366471734892784,0.5150097465886929,1.5426900584795322,0.028405458089668566,2.735672514619887,0.014307992202729065,0.3017543859649125,-0.1539961013645222,0.4557504873294348,8,1
0.09248178137651823,10.016599190283397,0.5182186234817813,-1.8263157894736843,-1.0651821862348183,2.3445344129554657,0.04431983805668018,5.351417004048588,0.04834817813765183,0.06599190283400827,-0.3145748987854252,0.3805668016194332,-7,1
0.060285714285714206,5.835714285714284,7.87421052631579,6.11639097744361,3.783684210526316,1.7578195488721804,0.017231578947368355,4.128947368421055,-0.007195488721804533,1.1909022556390976,0.5008270676691728,0.6900751879699248,-67,1
0.10199999999999998,11.259090909090919,-4.378181818181817,-7.2354545454545445,-7.109090909090909,2.857272727272727,0.0137,7.315454545454548,0.016427272727272724,-0.5327272727272728,-1.2209090909090907,0.6881818181818182,9,1
0.12561685823754803,15.356832694763733,3.8507024265644967,-1.4877394636015318,0.8081736909323112,5.338441890166028,0.0631902937420179,10.006130268199234,0.029148148148148128,0.608301404853129,-0.24776500638569612,0.8560664112388249,31,0
-0.01473770491803259,5.671475409836063,5.456065573770492,5.833114754098362,1.5359016393442624,-0.37704918032786894,-0.007493442622950886,0.8695081967213156,0.023649180327868825,0.6352459016393445,0.7232786885245902,-0.08803278688524596,102,1
0.026819999999999976,-2.3639999999999928,11.831999999999997,9.214,5.788000000000001,2.618,0.0029599999999999848,-3.75,-0.017279999999999997,1.6760000000000002,1.6079999999999999,0.06800000000000006,-30,1
-0.08935656213704993,-3.9277584204413416,-5.610685249709641,-1.825551684088269,-4.5375145180023235,-3.7851335656213707,-0.02757955865272945,-2.546573751451805,0.018204413472706127,-1.0185830429732872,-0.24924506387921,-0.7693379790940766,102,0
-0.05578151260504207,-13.425770308123242,0.3859943977591044,1.5400560224089639,-0.5557422969187673,-1.1540616246498603,-0.0204985994397759,-8.103641456582627,-0.02287955182072829,0.02240896358543436,0.5882352941176471,-0.5658263305322129,-30,1
-0.0010205278592376077,7.146187683284455,4.872140762463344,4.838563049853372,1.6363636363636367,0.03357771260997104,0.001168621700879724,1.9190615835777123,0.0237067448680352,0.6085043988269794,0.5167155425219939,0.09178885630498534,102,0
-0.032671044776119464,-5.66650746268657,-0.140059701492536,1.6692537313432836,0.30686567164179124,-1.8093134328358211,-0.01681074626865684,0.025432835820899412,0.02850865671641791,-0.12167164179104484,0.3848358208955225,-0.5065074626865672,-42,0
0.08487351778656135,10.745059288537538,9.543873517786562,6.092490118577075,5.875494071146244,3.451383399209486,0.027300395256916986,4.372332015810284,0.0056758893280632215,1.4695652173913043,0.6727272727272726,0.7968379446640317,-1,0
0.011900871459695006,-0.4283224400871461,2.5638344226579513,2.3438997821350767,-0.05838779956427018,0.21993464052287576,0.0011220043572984562,0.20228758169934907,0.009029411764705907,0.35446623093681895,0.31078431372549015,0.04368191721132901,-14,0
-0.022639080459770165,-0.6348768472906385,-1.2314285714285718,-1.0843349753694582,-0.9395730706075522,-0.14709359605911354,-0.010739573070607532,-1.5652873563218321,-0.02302528735632182,-0.00857142857142872,-0.3738916256157637,0.3653201970443349,-17,1
-0.07177142857142844,-5.44142857142856,1.6557142857142864,3.5314285714285716,2.8571428571428568,-1.875714285714286,-0.026714285714285756,-7.742857142857153,0.005142857142857171,0.3942857142857144,0.5385714285714285,-0.1442857142857143,-8,1
-0.06750799999999994,-9.095666666666665,-6.496650000000001,-4.537916666666667,-2.4618333333333338,-1.9587333333333334,-0.010713833333333266,-3.4791166666666613,0.01612666666666669,-0.9653833333333335,-0.6521333333333335,-0.31325,-29,0
0.006904761904761902,1.3404761904761926,-5.973809523809525,-6.202380952380952,-6.254761904761905,0.22857142857142848,-0.02742857142857138,1.9809523809523768,-0.03607142857142856,-0.7523809523809526,-1.0476190476190474,0.29523809523809524,16,0
0.03820757880617036,4.556438631790746,-1.3072769953051648,-1.9350435949027485,0.5599932930918851,0.6277665995975855,0.02037357478202546,2.3972501676727034,-0.013085513078470834,-0.299798792756539,-0.21988598256203887,-0.07991281019450036,13,1
0.052879446640316144,1.5124505928853693,2.6051383399209485,1.1192358366271435,1.694071146245059,1.4859025032938074,0.010204874835309519,1.4618577075098842,0.0051811594202898605,0.5597496706192356,0.13847167325428195,0.4212779973649539,-25,0
-0.0016584564860427254,-2.352764094143396,1.438642583470171,1.4158182813355231,1.365571975916804,0.022824302134646767,0.010249042145593922,1.2790366721401198,0.011583470169677096,0.21724137931034493,-0.153694581280788,0.370935960591133,-97,1
0.11297001303780971,15.67822685788787,-2.132464146023468,-7.062842242503263,-5.483181225554107,4.9303780964797905,0.029222946544980456,11.729074315514996,-0.0038670143415906466,-0.1491525423728814,-1.2065189048239897,1.0573663624511083,46,1
0.05076974789915967,7.357142857142856,1.4452100840336128,0.40823529411764525,1.775126050420169,1.0369747899159663,0.015087394957983257,4.46403361344538,-0.018457142857142856,0.039495798319327945,0.026050420168067225,0.013445378151260545,15,0
-0.031094444444444404,2.031666666666672,0.39611111111111086,1.1688888888888898,-0.3205555555555552,-0.7727777777777777,-0.011916666666666598,0.9955555555555577,-0.010594444444444462,-0.14388888888888882,0.06166666666666663,-0.20555555555555555,27,0
0.06547159090909094,6.844318181818187,-1.1076704545454539,-5.138636363636364,-1.4056818181818176,4.030965909090909,0.035889204545454564,2.276704545454544,0.012596590909090915,-0.2693181818181819,-0.543465909090909,0.27414772727272724,53,1
-0.013680519480519404,0.5215584415584373,0.1210389610389612,0.21012987012986956,-1.5675324675324678,-0.08909090909090907,0.0026753246753247416,-1.277402597402596,0.028345454545454517,0.09999999999999991,-0.050129870129870024,0.15012987012987009,15,0
-0.021570719602977628,6.805210918114142,16.383870967741935,15.58759305210918,4.58225806451613,0.7962779156327545,-0.0007729528535979524,3.71004962779156,-0.028442928039702255,2.1534739454094294,2.011166253101737,0.1423076923076923,21,0
-0.002903125000000073,-2.3713942307692264,-1.3089423076923083,-0.7730769230769227,-0.4914663461538463,-0.5358653846153848,-0.004618028846153877,-0.5904567307692276,-0.008524759615384597,-0.13040865384615402,-0.16391826923076938,0.03350961538461539,63,1
0.020918886198547225,1.4718523002421364,10.709019370460048,9.852179176755445,3.333232445520582,0.8568401937046005,0.014914043583535097,2.098849878934627,0.036259685230024236,1.863135593220339,1.0049636803874094,0.8581719128329297,3,0
0.05678779069767441,14.248546511627904,5.434302325581395,3.1959302325581405,1.6238372093023254,2.238372093023256,0.023225290697674473,8.131104651162792,-0.03862499999999998,0.5476744186046512,0.5082848837209303,0.0393895348837209,54,1
0.0554514435695538,6.527559055118121,1.2656167979002617,-1.5683070866141726,1.7737532808398953,2.833923884514436,0.022924540682414764,5.041141732283464,0.0025262467191601136,0.1330052493438318,-0.1994094488188975,0.33241469816272967,103,1
0.052685714285714245,4.673174603174601,3.7119047619047607,2.100476190476191,0.78015873015873,1.6114285714285714,0.015155555555555544,3.524285714285722,-0.003780952380952379,0.6653968253968257,0.25095238095238104,0.4144444444444444,62,1
-0.000641509433962173,2.5065312046444093,4.897822931785195,4.0052249637155315,-0.6931785195936137,0.892597968069666,-0.006031930333817104,-1.161393323657478,-0.005590711175616847,0.5625544267053703,0.6238026124818578,-0.06124818577648764,40,1
-0.0027360920329669858,-2.661984890109886,2.071583104395606,2.1091002747252743,1.2075034340659339,-0.03751717032967039,-0.0004273695054945126,-1.6646119505494454,-0.026482829670329656,0.26131524725274724,0.40221497252747246,-0.14089972527472525,-37,1
-0.018796380090497777,-5.641176470588244,3.2244343891402716,3.6511312217194574,2.450678733031675,-0.4266968325791856,-0.00773755656108599,-1.6153846153846132,0.033280542986425354,0.15746606334841634,0.8479638009049774,-0.6904977375565611,9,0
-0.010773282361686376,-1.9863013698630199,-5.905320165657853,-5.682170542635658,-1.7453116703833491,-0.2231496230221938,-0.0017731761707549865,-1.1301051290219846,0.018616969310820845,-0.7974089412764152,-0.7984920887756188,0.001083147499203596,-56,1
-0.009318787878787904,-2.9864242424242375,-3.2567272727272707,-2.381090909090908,-0.4992727272727272,-0.8756363636363638,-0.01196363636363631,-2.5992727272727336,-0.030632727272727273,-0.4743030303030305,-0.34509090909090895,-0.12921212121212122,-41,0
-0.054297640653357584,-9.253841500302475,-1.514337568058076,0.25057471264367875,0.7794313369630966,-1.764912280701754,-0.031219600725952822,-4.738294010889296,-0.023749546279491877,-0.38475499092558973,0.1914095583787053,-0.5761645493042952,-30,0
0.018051515151515152,5.786363636363637,14.167575757575758,13.046666666666667,5.5651515151515145,1.1209090909090909,0.004700000000000015,5.202121212121213,-0.024839393939393946,1.993333333333333,1.643636363636364,0.34969696969696973,27,1
-0.0037903448275862896,0.16082758620689788,0.16441379310344786,1.4929655172413796,-2.152827586206897,-1.328551724137931,-0.00899862068965529,-0.26620689655172497,0.02135448275862071,0.26482758620689684,0.01462068965517247,0.2502068965517241,-4,1
0.06278917378917377,2.3054131054131006,-0.8319088319088322,-2.7831908831908825,3.1410256410256414,1.9512820512820515,0.027088319088319122,3.6814814814814865,0.007441595441595427,-0.3529914529914529,-0.06723646723646741,-0.2857549857549858,1,1
0.001160964408725551,-1.9489092996555768,-1.2985763490241098,-0.8647301951779554,-0.5637428243398389,-0.4338461538461537,-0.004387830080367449,-0.36711825487945476,-0.007792422502870261,-0.14436280137772686,-0.1615384615384615,0.017175660160734796,63,1
-0.016438665912945093,-1.2367439231204116,-10.491124929338607,-9.764725833804409,-3.2975692481628043,-0.7263990955341999,-0.01339570378745052,-2.1793668739400744,-0.03819332956472586,-1.851780667043527,-0.9707179197286603,-0.8810627473148671,-3,0
0.0011031344792719277,5.818907987866521,-0.7937310414560173,-0.42254802831142585,0.2658240647118301,-0.3711830131445904,0.00612032355915062,3.0017189079878674,-0.022309403437815983,-0.43154701718907995,-0.09656218402426679,-0.3349848331648129,40,0
-0.008662677945120744,-1.5524241799050913,-5.959315040231072,-5.855807716113061,-1.827563441303899,-0.1035073241180112,-0.0003579533732205542,-0.9380028883845682,0.018295646791830007,-0.8029090158861152,-0.8294615225912938,0.02655250670517848,-57,1
0.041911290322580584,8.601832844574778,-9.139662756598241,-10.273900293255132,-4.090249266862171,1.1342375366568915,0.020198680351906195,2.9276392961876896,-0.014854838709677399,-1.4785923753665688,-1.223607038123167,-0.2549853372434017,26,1
-0.046569973029667276,-1.3673958645489903,-3.094396164219359,-1.6550194785735683,-1.8716811507341926,-1.4393766856457897,-0.008755768654480023,-1.4068324842673008,-0.0038981120767156373,-0.6106083308360803,-0.2222954749775247,-0.38831285585855563,24,1
0.12355714285714285,12.710000000000003,2.832380952380953,-1.3442857142857136,-0.07666666666666674,4.176666666666667,0.049619047619047583,10.964285714285726,-0.00016666666666667607,0.35142857142857115,-0.27809523809523806,0.6295238095238096,39,1
-0.054770491803278684,-10.100000000000005,-0.7651366120218583,1.3974863387978147,0.44863387978142055,-2.162622950819672,-0.015064480874316865,-6.864918032786884,0.01400765027322406,-0.08939890710382485,-0.05726775956284147,-0.0321311475409836,-31,0
0.02706751054852328,4.934599156118139,-9.123347398030944,-8.686075949367089,-1.9921237693389595,-0.43727144866385376,0.013018284106891653,3.2736990154711663,-0.0240014064697609,-1.2233473980309426,-1.4064697609001406,0.18312236286919834,-61,0
-0.008012422360248395,2.750310559006215,4.16304347826087,3.305900621118014,-0.5478260869565222,0.8571428571428573,-0.002555900621117968,0.34409937888198383,-0.035226708074534166,0.730745341614907,0.2527950310559007,0.4779503105590061,64,0
-0.08315503875968977,-10.898363479758832,0.6241171403962091,3.217140396210162,0.9153316106804474,-2.593023255813953,-0.03927562446167095,-6.836003445305766,-0.007955211024978464,-0.11481481481481488,0.6542635658914728,-0.7690783807062876,-75,0
-0.03380305602716471,-3.850481041312969,6.5830220713073,6.336276174306734,1.2165251839275608,0.24674589700056604,-0.011983022071307326,-2.0189020939445412,0.00008941709111490726,0.8263723825693268,1.0013582342954157,-0.17498585172608938,74,0
0.004033620689655226,-1.512327586206902,-5.693620689655173,-4.615172413793103,0.23629310344827664,-1.078448275862069,0.0029077586206895933,0.7821551724137976,0.011493965517241356,-0.953448275862069,-0.5612068965517244,-0.3922413793103448,-51,1
0.04886564102564113,3.248615384615391,3.356820512820513,2.0653333333333315,2.9841025641025642,1.2914871794871796,0.020747692307692335,0.9965128205128166,-0.029338461538461546,0.29610256410256425,0.49794871794871803,-0.20184615384615387,-55,1
-0.0014593993325918264,-2.2921023359288086,4.490545050055618,4.048720800889877,3.448498331479422,0.4418242491657397,0.011619577308120178,-3.091657397107892,0.020315906562847652,0.7365962180200223,0.3116796440489433,0.424916573971079,2,0
0.08936206509539828,7.740830527497184,3.387384960718294,0.39645342312009146,0.8267115600448939,2.990931537598205,0.039806509539842924,4.374410774410768,0.005096296296296277,0.6865095398428733,0.03582491582491576,0.6506846240179573,26,0
-0.030866412213740424,-1.2039694656488507,3.740687022900764,3.5311450381679386,-0.30648854961832084,0.2095419847328243,-0.009354961832061037,-0.2998473282442717,0.026268702290076336,0.4510687022900764,0.512442748091603,-0.06137404580152665,111,1
-0.055106934213868364,-7.714732029464062,-2.5365252730505468,-0.3198882397764791,-1.015392430784861,-2.2166370332740666,-0.024801879603759215,-7.953619507239014,0.0013992887985775858,-0.36687833375666756,0.05481330962661932,-0.4216916433832868,65,0
0.03232982456140356,6.990350877192981,4.859122807017544,3.197017543859649,1.0207017543859656,1.6621052631578948,0.013857894736842225,2.393157894736851,-0.036736842105263165,0.6617543859649123,0.38456140350877177,0.2771929824561404,46,1
-0.07901298701298694,-10.422077922077921,0.5311688311688307,3.0076839826839814,0.9457792207792209,-2.4765151515151516,-0.0380432900432901,-6.563852813852821,-0.006888528138528133,-0.11731601731601753,0.6187229437229436,-0.7360389610389609,-76,0
0.000749999999999984,-0.3179166666666674,1.9280208333333335,1.585208333333334,1.6683333333333334,0.3428125,-0.0003999999999999337,-4.2931249999999945,0.005977083333333322,0.3360416666666667,0.34395833333333325,-0.007916666666666638,98,0
0.009190880426873549,-4.096337618239147,-1.8443851564394855,-1.236138733931604,1.7199126849381519,-0.6082464225078825,0.004236720834343855,-1.6150375939849595,0.00791074460344408,-0.3958282803783651,0.07256851806936684,-0.4683967984477322,-102,0
0.05564976958525345,7.439016897081411,3.8945212493599577,1.359139784946236,2.364464925755249,2.5353814644137223,0.024208909370199684,3.6626728110599003,0.0034828469022017195,0.6241679467485921,0.22191500256016372,0.40225294418842805,32,1
0.04965613490986629,3.6237836790075675,2.9613878658654778,1.6663888350455494,2.737759255669704,1.2949990308199264,0.020817794146152414,1.327137042062418,-0.02832196162046909,0.2424113200232604,0.43539445628997847,-0.19298313626671834,-57,1
0.027864646464646436,5.306695526695523,1.6746608946608972,-0.6120634920634928,-0.03085137085137113,2.2867243867243863,0.00833708513708511,-0.6232900432900464,-0.006264646464646473,0.16750360750360774,0.06614718614718607,0.1013564213564214,47,0
-0.012061052631578927,-0.37157894736843106,-3.5644912280701773,-2.899789473684212,-1.3292631578947365,-0.6647017543859647,-0.0008968421052631514,-1.7601403508771938,0.022731929824561403,-0.5312982456140352,-0.36308771929824574,-0.16821052631578953,7,1
-0.0397626373626375,-2.9191208791208796,1.8083516483516475,2.6571428571428584,-0.2624175824175822,-0.848791208791209,-0.01622857142857139,-0.46813186813187146,0.0436307692307692,0.12351648351648344,0.27824175824175834,-0.15472527472527475,26,1
-0.041462028985507146,-2.279072463768108,-5.070840579710145,-2.5019130434782597,-1.483942028985508,-2.5689275362318837,-0.016982028985507335,-1.1712463768115953,-0.029441159420289888,-0.8396521739130435,-0.2626086956521737,-0.5770434782608694,40,1
-0.06350323275862073,-8.659590517241378,0.4684267241379317,2.9752155172413786,-1.3712284482758623,-2.5067887931034485,-0.021806034482758575,-1.9584051724137965,0.0051196120689655285,0.2169181034482759,0.09493534482758612,0.12198275862068968,6,0
0.03185307346326849,1.1837081459270393,-2.3106446776611675,-3.6007996001999016,-2.2459770114942534,1.2901549225387305,0.011084457771114442,2.0730634682658717,0.030674662668665705,-0.37321339330334835,-0.2795602198900549,-0.0936531734132934,64,0
0.10263971014492754,11.419942028985497,8.3671884057971,4.78950724637681,3.271971014492754,3.5776811594202895,0.03818637681159418,5.010898550724636,-0.01605159420289859,1.1314782608695653,0.7680289855072462,0.36344927536231886,17,1
-0.013125937031484236,1.224287856071959,-2.545127436281857,-1.1453523238380825,-0.6374812593703151,-1.3997751124437783,-0.010209895052473827,1.3667166416791587,-0.017335832083958013,-0.3550974512743631,-0.03980509745127403,-0.31529235382308846,24,1
0.05128571428571434,9.075396825396819,2.954761904761905,0.9666666666666671,-0.17142857142857154,1.988095238095238,0.011726190476190546,5.874206349206352,0.01715873015873015,0.4670634920634922,-0.10674603174603163,0.5738095238095239,12,1
0.02399404359009063,3.382915933396498,12.345769595234874,10.466468119669688,3.708190063625287,1.8793014755651822,0.00027426560173275937,1.2476512792743961,0.007684851766617024,1.7751455259239202,1.3131447136862053,0.4620008122377149,-6,1
0.07544623655913973,5.202150537634407,-2.9760752688172047,-5.578225806451615,-1.960483870967741,2.6021505376344085,0.026795698924731125,2.798387096774195,0.022846774193548375,-0.515322580645161,-0.47392473118279577,-0.041397849462365556,69,1
-0.04833492315845258,-3.5620561738208836,-1.3977742448330672,-0.5193428722840494,-2.7869634340222573,-0.87843137254902,-0.01531637519872806,-4.246104928457873,0.02197244303126659,-0.18643349231584566,-0.16067832538420762,-0.025755166931637596,60,0
-0.008956140350877283,0.9572567783094087,4.327830940988838,3.887719298245616,0.6153907496012756,0.4401116427432218,-0.007234449760765571,2.189314194577355,0.055585326953748015,0.609090909090909,0.48524720893141937,0.1238437001594896,10,0
-0.024272829131652518,-1.5555742296918822,-2.7150980392156883,-1.9933613445378158,-0.6459103641456583,-0.7217366946778713,-0.004275350140056022,-1.173109243697479,-0.023753501400560224,-0.24759103641456576,-0.3436414565826332,0.09605042016806724,1,1
-0.054585692541856835,-7.6090106544901115,6.489680365296804,7.480243531202436,3.1526636225266365,-0.9905631659056319,-0.017582952815829556,-6.025235920852367,-0.03376590563165905,1.0359512937595132,1.0703805175038053,-0.03442922374429225,-17,0
-0.060035885167464144,-7.602511961722496,-9.177272727272728,-6.831100478468899,-3.1254784688995207,-2.346172248803828,-0.02427272727272729,-4.711363636363638,0.007092105263157894,-1.36244019138756,-0.901555023923445,-0.4608851674641148,-12,0
-0.0773,-8.903076923076924,-2.535384615384615,0.610769230769229,-2.507692307692307,-3.1461538461538465,-0.023269230769230775,-3.552307692307687,0.02901538461538462,-0.2999999999999998,-0.13000000000000006,-0.16999999999999998,13,0
-0.033941582410528116,-2.100914780934045,1.9699566682715457,2.605007221954741,-0.07308618199325992,-0.6350505536831973,-0.012673407157759576,-0.020702936928267947,0.04291125020060984,0.1474241694752047,0.271866474081207,-0.12444230460600222,26,1
0.019993535875888792,2.9905365223012437,12.026321913380738,10.332617970265028,3.525067873303166,1.693703943115708,-0.0009703943115708658,0.9564059469941867,0.007167420814479642,1.7180349062702007,1.306890756302521,0.41114414996767934,-6,1
-0.042660674157303256,-2.4726292134831453,1.5375280898876398,3.1189213483146077,1.770966292134831,-1.581393258426966,-0.015951460674157314,-2.9283595505617965,-0.031365393258426987,0.22777528089887653,0.32044943820224725,-0.09267415730337074,-64,1
